Title,Thumbnail,View Count,Upload Date
"$1 vs $1,000,000,000 Yacht!","thumbnails/MrBeast_$1 vs $1,000,000,000 Yacht!_2023-06-10.jpg",189127504,2023-06-10
"$1 vs $500,000 Plane Ticket!","thumbnails/MrBeast_$1 vs $500,000 Plane Ticket!_2023-04-01.jpg",221317860,2023-04-01
"$1 vs $1,000,000 Hotel Room!","thumbnails/MrBeast_$1 vs $1,000,000 Hotel Room!_2022-10-22.jpg",272281278,2022-10-22
Train Vs Giant Pit,thumbnails/MrBeast_Train Vs Giant Pit_2023-07-08.jpg,125905384,2023-07-08
"$1 vs $1,000,000,000 Yacht!","thumbnails/MrBeast_$1 vs $1,000,000,000 Yacht!_2023-06-10.jpg",189127504,2023-06-10
"Ages 1 - 100 Fight For $500,000","thumbnails/MrBeast_Ages 1 - 100 Fight For $500,000_2023-05-27.jpg",187710689,2023-05-27
"1,000 Deaf People Hear For The First Time","thumbnails/MrBeast_1,000 Deaf People Hear For The First Time_2023-05-06.jpg",104247594,2023-05-06
"$1 vs $500,000 Plane Ticket!","thumbnails/MrBeast_$1 vs $500,000 Plane Ticket!_2023-04-01.jpg",221317860,2023-04-01
I Paid A Real Assassin To Try To Kill Me,thumbnails/MrBeast_I Paid A Real Assassin To Try To Kill Me_2023-03-18.jpg,180275931,2023-03-18
"1,000 Blind People See For The First Time","thumbnails/MrBeast_1,000 Blind People See For The First Time_2023-01-28.jpg",153666997,2023-01-28
I Survived 50 Hours In Antarctica,thumbnails/MrBeast_I Survived 50 Hours In Antarctica_2022-12-24.jpg,135246189,2022-12-24
Hydraulic Press Vs Lamborghini,thumbnails/MrBeast_Hydraulic Press Vs Lamborghini_2022-12-10.jpg,187031158,2022-12-10
"100 Kids Vs 100 Adults For $500,000","thumbnails/MrBeast_100 Kids Vs 100 Adults For $500,000_2022-12-03.jpg",180970560,2022-12-03
"Last To Take Hand Off Jet, Keeps It!","thumbnails/MrBeast_Last To Take Hand Off Jet, Keeps It!_2022-11-12.jpg",128185290,2022-11-12
"$1 vs $1,000,000 Hotel Room!","thumbnails/MrBeast_$1 vs $1,000,000 Hotel Room!_2022-10-22.jpg",272281278,2022-10-22
"Survive 100 Days In Circle, Win $500,000","thumbnails/MrBeast_Survive 100 Days In Circle, Win $500,000_2022-09-24.jpg",230441794,2022-09-24
I Hunted 100 People!,thumbnails/MrBeast_I Hunted 100 People!_2022-09-03.jpg,115225053,2022-09-03
I Survived A Plane Crash,thumbnails/MrBeast_I Survived A Plane Crash_2022-08-20.jpg,133330018,2022-08-20
"I Gave My 100,000,000th Subscriber An Island","thumbnails/MrBeast_I Gave My 100,000,000th Subscriber An Island_2022-08-04.jpg",165753773,2022-08-04
"100 Boys Vs 100 Girls For $500,000","thumbnails/MrBeast_100 Boys Vs 100 Girls For $500,000_2022-07-23.jpg",157891593,2022-07-23
I Didnâ€™t Eat Food For 30 Days,thumbnails/MrBeast_I Didnâ€™t Eat Food For 30 Days_2022-07-02.jpg,88376287,2022-07-02
I Built Willy Wonka's Chocolate Factory!,thumbnails/MrBeast_I Built Willy Wonka's Chocolate Factory!_2022-06-04.jpg,221536577,2022-06-04
"$10,000 Every Day You Survive Prison","thumbnails/MrBeast_$10,000 Every Day You Survive Prison_2022-04-09.jpg",177741272,2022-04-09
"Would You Swim With Sharks For $100,000?","thumbnails/MrBeast_Would You Swim With Sharks For $100,000?_2022-03-19.jpg",150418520,2022-03-19
Worldâ€™s Most Dangerous Escape Room!,thumbnails/MrBeast_Worldâ€™s Most Dangerous Escape Room!_2022-01-29.jpg,222375006,2022-01-29
"Extreme $1,000,000 Hide And Seek","thumbnails/MrBeast_Extreme $1,000,000 Hide And Seek_2021-12-18.jpg",93355839,2021-12-18
"$1,000,000 Influencer Tournament!","thumbnails/MrBeast_$1,000,000 Influencer Tournament!_2021-12-16.jpg",77756081,2021-12-16
I Got Hunted By The Military,thumbnails/MrBeast_I Got Hunted By The Military_2021-12-10.jpg,173378066,2021-12-10
"$456,000 Squid Game In Real Life!","thumbnails/MrBeast_$456,000 Squid Game In Real Life!_2021-11-24.jpg",473364989,2021-11-24
I Cleaned The Worldâ€™s Dirtiest Beach #TeamSeas,thumbnails/MrBeast_I Cleaned The Worldâ€™s Dirtiest Beach #TeamSeas_2021-10-29.jpg,105240795,2021-10-29
"Last To Take Hand Off Lamborghini, Keeps It","thumbnails/MrBeast_Last To Take Hand Off Lamborghini, Keeps It_2021-10-23.jpg",149585377,2021-10-23
"First To Rob Bank Wins $100,000","thumbnails/MrBeast_First To Rob Bank Wins $100,000_2021-09-26.jpg",147184015,2021-09-26
"Extreme $500,000 Game Of Tag!","thumbnails/MrBeast_Extreme $500,000 Game Of Tag!_2021-09-04.jpg",140082173,2021-09-04
"Last To Leave Circle Wins $500,000","thumbnails/MrBeast_Last To Leave Circle Wins $500,000_2021-08-31.jpg",322780475,2021-08-31
I Got Hunted By The FBI,thumbnails/MrBeast_I Got Hunted By The FBI_2021-08-07.jpg,171820378,2021-08-07
"If You Can Carry $1,000,000 You Keep It!","thumbnails/MrBeast_If You Can Carry $1,000,000 You Keep It!_2021-07-24.jpg",157412488,2021-07-24
"Would YOU Quit School For $100,000?","thumbnails/MrBeast_Would YOU Quit School For $100,000?_2021-07-10.jpg",138987605,2021-07-10
I Survived 50 Hours In A Maximum Security Prison,thumbnails/MrBeast_I Survived 50 Hours In A Maximum Security Prison_2021-06-26.jpg,197213577,2021-06-26
"Hit The Target, Win $300,000","thumbnails/MrBeast_Hit The Target, Win $300,000_2021-06-12.jpg",143195753,2021-06-12
Anything You Can Fit In The Triangle Iâ€™ll Pay For,thumbnails/MrBeast_Anything You Can Fit In The Triangle Iâ€™ll Pay For_2021-06-01.jpg,170192476,2021-06-01
I Got Hunted By A Real Bounty Hunter,thumbnails/MrBeast_I Got Hunted By A Real Bounty Hunter_2021-04-24.jpg,168243502,2021-04-24
"Extreme $100,000 Game of Tag!","thumbnails/MrBeast_Extreme $100,000 Game of Tag!_2021-04-17.jpg",180684102,2021-04-17
"Would You Sit In Snakes For $10,000?","thumbnails/MrBeast_Would You Sit In Snakes For $10,000?_2021-04-10.jpg",250874295,2021-04-10
"I Bought The World's Largest Mystery Box! ($500,000)","thumbnails/MrBeast_I Bought The World's Largest Mystery Box! ($500,000)_2021-04-03.jpg",202512692,2021-04-03
I Spent 50 Hours Buried Alive,thumbnails/MrBeast_I Spent 50 Hours Buried Alive_2021-03-27.jpg,283009165,2021-03-27
"Offering People $100,000 To Quit Their Job","thumbnails/MrBeast_Offering People $100,000 To Quit Their Job_2021-03-13.jpg",116390123,2021-03-13
I Sold My House For $1,thumbnails/MrBeast_I Sold My House For $1_2021-03-06.jpg,137037295,2021-03-06
"I Donated $300,000 To People In Need","thumbnails/MrBeast_I Donated $300,000 To People In Need_2021-02-13.jpg",53308034,2021-02-13
"I Ate $100,000 Golden Ice Cream","thumbnails/MrBeast_I Ate $100,000 Golden Ice Cream_2021-01-22.jpg",211760831,2021-01-22
I Bought Everything In 5 Stores,thumbnails/MrBeast_I Bought Everything In 5 Stores_2021-01-09.jpg,147194846,2021-01-09
"Youtube Rewind 2020, Thank God It's Over","thumbnails/MrBeast_Youtube Rewind 2020, Thank God It's Over_2021-01-01.jpg",68883103,2021-01-01
"I Put 1,000,000,000 Christmas Lights On A House (World Record)","thumbnails/MrBeast_I Put 1,000,000,000 Christmas Lights On A House (World Record)_2020-12-23.jpg",94828343,2020-12-23
I Opened A Restaurant That Pays You To Eat At It,thumbnails/MrBeast_I Opened A Restaurant That Pays You To Eat At It_2020-12-19.jpg,161772610,2020-12-19
"$1,000,000 Influencer Tournament!","thumbnails/MrBeast_$1,000,000 Influencer Tournament!_2021-12-16.jpg",77756081,2021-12-16
"Extreme $1,000,000 Hide And Seek","thumbnails/MrBeast_Extreme $1,000,000 Hide And Seek_2021-12-18.jpg",93355839,2021-12-18
"I Spent $1,000,000 On Lottery Tickets and WON","thumbnails/MrBeast_I Spent $1,000,000 On Lottery Tickets and WON_2020-08-08.jpg",117641033,2020-08-08
I Bought A Private Island,thumbnails/MrBeast_I Bought A Private Island_2020-08-13.jpg,145970142,2020-08-13
"Last To Leave $800,000 Island Keeps It","thumbnails/MrBeast_Last To Leave $800,000 Island Keeps It_2020-08-15.jpg",221400855,2020-08-15
I Ate The Worldâ€™s Largest Slice Of Pizza,thumbnails/MrBeast_I Ate The Worldâ€™s Largest Slice Of Pizza_2020-08-01.jpg,210958423,2020-08-01
"I Bought The World's Largest Firework ($600,000)","thumbnails/MrBeast_I Bought The World's Largest Firework ($600,000)_2020-07-03.jpg",195329253,2020-07-03
I Built The World's Largest Lego Tower,thumbnails/MrBeast_I Built The World's Largest Lego Tower_2020-06-06.jpg,147758781,2020-06-06
I Ran A Marathon In The World's Largest Shoes,thumbnails/MrBeast_I Ran A Marathon In The World's Largest Shoes_2020-03-21.jpg,137376205,2020-03-21
"Giving 10,000 Presents To Kids For Christmas","thumbnails/MrBeast_Giving 10,000 Presents To Kids For Christmas_2019-12-23.jpg",61664047,2019-12-23
"Anything You Can Carry, I'll Pay For Challenge","thumbnails/MrBeast_Anything You Can Carry, I'll Pay For Challenge_2019-04-20.jpg",85765116,2019-04-20
"Going Through The Same Drive Thru 1,000 Times","thumbnails/MrBeast_Going Through The Same Drive Thru 1,000 Times_2019-10-05.jpg",234064399,2019-10-05
Surviving 24 Hours On A Deserted Island,thumbnails/MrBeast_Surviving 24 Hours On A Deserted Island_2019-08-22.jpg,166229633,2019-08-22
Destroying My Friend's Car And Surprising Him With A New One,thumbnails/MrBeast_Destroying My Friend's Car And Surprising Him With A New One_2019-08-10.jpg,101110854,2019-08-10
"Planting 20,000,000 Trees, My Biggest Project Ever!","thumbnails/MrBeast_Planting 20,000,000 Trees, My Biggest Project Ever!_2019-10-25.jpg",96068280,2019-10-25
"Last To Take Hand Off $1,000,000 Keeps It","thumbnails/MrBeast_Last To Take Hand Off $1,000,000 Keeps It_2019-12-19.jpg",126372568,2019-12-19
I Ordered Pizza And Tipped The House,thumbnails/MrBeast_I Ordered Pizza And Tipped The House_2019-12-05.jpg,127622364,2019-12-05
"Spending $1,000,000 In 24 Hours","thumbnails/MrBeast_Spending $1,000,000 In 24 Hours_2019-12-21.jpg",164691447,2019-12-21
"$50,000 Game Of Extreme Hide And Seek - Challenge","thumbnails/MrBeast_$50,000 Game Of Extreme Hide And Seek - Challenge_2019-11-28.jpg",141258030,2019-11-28
World's Largest Bowl Of Cereal,thumbnails/MrBeast_World's Largest Bowl Of Cereal_2019-05-15.jpg,166693773,2019-05-15
"Last To Leave Roller Coaster Wins $20,000 - Challenge","thumbnails/MrBeast_Last To Leave Roller Coaster Wins $20,000 - Challenge_2019-08-17.jpg",136802933,2019-08-17
Surviving 24 Hours Straight In A Rain Forest,thumbnails/MrBeast_Surviving 24 Hours Straight In A Rain Forest_2019-09-21.jpg,115330307,2019-09-21
I Opened A Free Car Dealership,thumbnails/MrBeast_I Opened A Free Car Dealership_2019-08-29.jpg,129773167,2019-08-29
I Won Every Prize At A Theme Park,thumbnails/MrBeast_I Won Every Prize At A Theme Park_2019-08-15.jpg,155865238,2019-08-15
"Last To Fall Wins $1,000,000 (Part 1)","thumbnails/MrBeast_Last To Fall Wins $1,000,000 (Part 1)_2019-11-14.jpg",140828453,2019-11-14
Surviving 24 Hours Straight In A Desert,thumbnails/MrBeast_Surviving 24 Hours Straight In A Desert_2019-03-16.jpg,127008527,2019-03-16
I Bought Everything In A Store - Challenge,thumbnails/MrBeast_I Bought Everything In A Store - Challenge_2019-05-18.jpg,140351417,2019-05-18
Homeless Man Buys A Lamborghini,thumbnails/MrBeast_Homeless Man Buys A Lamborghini_2019-04-18.jpg,142340127,2019-04-18
"Last To Leave Revolving Door Wins $50,000","thumbnails/MrBeast_Last To Leave Revolving Door Wins $50,000_2019-07-02.jpg",141718397,2019-07-02
I Spent 24 Hours Straight At Area 51,thumbnails/MrBeast_I Spent 24 Hours Straight At Area 51_2019-08-02.jpg,144020573,2019-08-02
"Last To Leave Pool Of $20,000 Keeps It","thumbnails/MrBeast_Last To Leave Pool Of $20,000 Keeps It_2019-08-24.jpg",155694627,2019-08-24
Spending 24 Hours On Top Of A Mountain,thumbnails/MrBeast_Spending 24 Hours On Top Of A Mountain_2019-06-13.jpg,165039661,2019-06-13
"Last To Stop Running Wins $20,000","thumbnails/MrBeast_Last To Stop Running Wins $20,000_2019-06-06.jpg",105871946,2019-06-06
"Last To Leave VR Wins $20,000","thumbnails/MrBeast_Last To Leave VR Wins $20,000_2019-06-08.jpg",136403646,2019-06-08
Spending 24 Hours In A City With No Laws,thumbnails/MrBeast_Spending 24 Hours In A City With No Laws_2019-05-07.jpg,145229449,2019-05-07
"Last To Fall Wins $1,000,000 (Part 1)","thumbnails/MrBeast_Last To Fall Wins $1,000,000 (Part 1)_2019-11-14.jpg",140828453,2019-11-14
"Last to Stop Swinging Wins $1,000,000 (Part 2)","thumbnails/MrBeast_Last to Stop Swinging Wins $1,000,000 (Part 2)_2019-11-30.jpg",113569480,2019-11-30
"Last To Leave Toilet Wins $1,000,000 (Part 3)","thumbnails/MrBeast_Last To Leave Toilet Wins $1,000,000 (Part 3)_2019-12-07.jpg",87141106,2019-12-07
"Last To Stop Riding Bike Wins $1,000,000 (Part 4)","thumbnails/MrBeast_Last To Stop Riding Bike Wins $1,000,000 (Part 4)_2019-12-14.jpg",59407091,2019-12-14
"Last To Take Hand Off $1,000,000 Keeps It","thumbnails/MrBeast_Last To Take Hand Off $1,000,000 Keeps It_2019-12-19.jpg",126372568,2019-12-19
I Opened A Free Car Dealership,thumbnails/MrBeast_I Opened A Free Car Dealership_2019-08-29.jpg,129773167,2019-08-29
I Bought Everything In A Store - Challenge,thumbnails/MrBeast_I Bought Everything In A Store - Challenge_2019-05-18.jpg,140351417,2019-05-18
"Anything You Can Carry, I'll Pay For Challenge","thumbnails/MrBeast_Anything You Can Carry, I'll Pay For Challenge_2019-04-20.jpg",85765116,2019-04-20
I Opened A FREE BANK,thumbnails/MrBeast_I Opened A FREE BANK_2019-11-23.jpg,101856418,2019-11-23
I Adopted EVERY Dog In A Dog Shelter,thumbnails/MrBeast_I Adopted EVERY Dog In A Dog Shelter_2020-07-23.jpg,205849347,2020-07-23
"I Gave $200,000 To People Who Lost Their Jobs (Corona Virus)","thumbnails/MrBeast_I Gave $200,000 To People Who Lost Their Jobs (Corona Virus)_2020-05-07.jpg",43908002,2020-05-07
"Last To Leave Circle Wins $10,000 - Challenge","thumbnails/MrBeast_Last To Leave Circle Wins $10,000 - Challenge_2018-10-12.jpg",88325790,2018-10-12
"Last To Leave Revolving Door Wins $50,000","thumbnails/MrBeast_Last To Leave Revolving Door Wins $50,000_2019-07-02.jpg",141718397,2019-07-02
"Last To Remove Hand, Gets Lamborghini Challenge","thumbnails/MrBeast_Last To Remove Hand, Gets Lamborghini Challenge_2018-11-02.jpg",85055838,2018-11-02
"Last To Leave Slime Pit Wins $20,000 - Challenge","thumbnails/MrBeast_Last To Leave Slime Pit Wins $20,000 - Challenge_2018-11-30.jpg",121190793,2018-11-30
"Last To Stop Running Wins $20,000","thumbnails/MrBeast_Last To Stop Running Wins $20,000_2019-06-06.jpg",105871946,2019-06-06
"Last Youtuber To Leave Wins $100,000 - Challenge","thumbnails/MrBeast_Last Youtuber To Leave Wins $100,000 - Challenge_2018-12-12.jpg",92743703,2018-12-12
World's Largest Bowl Of Cereal,thumbnails/MrBeast_World's Largest Bowl Of Cereal_2019-05-15.jpg,166693773,2019-05-15
Last To Take Hand Off House Keeps It!,thumbnails/MrBeast_Last To Take Hand Off House Keeps It!_2019-01-08.jpg,80900692,2019-01-08
"Last To Leave The Tesla, Keeps It Challenge","thumbnails/MrBeast_Last To Leave The Tesla, Keeps It Challenge_2019-03-29.jpg",102734538,2019-03-29
"Last To Leave Roller Coaster Wins $20,000 - Challenge","thumbnails/MrBeast_Last To Leave Roller Coaster Wins $20,000 - Challenge_2019-08-17.jpg",136802933,2019-08-17
"Last To Leave VR Wins $20,000","thumbnails/MrBeast_Last To Leave VR Wins $20,000_2019-06-08.jpg",136403646,2019-06-08
"Last To Leave Pool Of $20,000 Keeps It","thumbnails/MrBeast_Last To Leave Pool Of $20,000 Keeps It_2019-08-24.jpg",155694627,2019-08-24
"Last To Take Hand Off Boat, Keeps It","thumbnails/MrBeast_Last To Take Hand Off Boat, Keeps It_2019-10-19.jpg",114784778,2019-10-19
"Last To Leave Ramen Noodle Pool Wins $20,000","thumbnails/MrBeast_Last To Leave Ramen Noodle Pool Wins $20,000_2019-09-13.jpg",66893432,2019-09-13
If You Click This Video I'll Give My Friend .001$,thumbnails/MrBeast_If You Click This Video I'll Give My Friend .001$_2020-05-23.jpg,186205974,2020-05-23
Real Life Super Humans!,thumbnails/BeastReacts_Real Life Super Humans!_2021-11-04.jpg,30514891,2021-11-04
Impossible Magic Tricks!,thumbnails/BeastReacts_Impossible Magic Tricks!_2021-12-17.jpg,26609050,2021-12-17
World's Most Viewed TikToks!,thumbnails/BeastReacts_World's Most Viewed TikToks!_2021-11-22.jpg,66592981,2021-11-22
World's Deepest Pool!,thumbnails/BeastReacts_World's Deepest Pool!_2021-11-12.jpg,45765232,2021-11-12
World's Most Dangerous Jobs!,thumbnails/BeastReacts_World's Most Dangerous Jobs!_2021-10-08.jpg,43243672,2021-10-08
World's Largest Water Tunnel!,thumbnails/BeastReacts_World's Largest Water Tunnel!_2021-09-03.jpg,25078715,2021-09-03
Worldâ€™s Fastest Big Mac Ever Eaten,thumbnails/BeastReacts_Worldâ€™s Fastest Big Mac Ever Eaten_2021-07-06.jpg,63330400,2021-07-06
Worldâ€™s Most Expensive Food!,thumbnails/BeastReacts_Worldâ€™s Most Expensive Food!_2021-06-05.jpg,60650862,2021-06-05
Worldâ€™s Most Insane Roller Coaster!,thumbnails/BeastReacts_Worldâ€™s Most Insane Roller Coaster!_2021-05-07.jpg,23629709,2021-05-07
Worldâ€™s Largest Lighter!,thumbnails/BeastReacts_Worldâ€™s Largest Lighter!_2021-04-30.jpg,35786455,2021-04-30
Worldâ€™s Largest Elephant Toothpaste!,thumbnails/BeastReacts_Worldâ€™s Largest Elephant Toothpaste!_2021-04-23.jpg,31443270,2021-04-23
World's Luckiest People!,thumbnails/BeastReacts_World's Luckiest People!_2022-01-06.jpg,73867670,2022-01-06
Insane Waterpark BMX!,thumbnails/BeastReacts_Insane Waterpark BMX!_2021-12-20.jpg,29890075,2021-12-20
Extreme Rooftop Parkour Escape!,thumbnails/BeastReacts_Extreme Rooftop Parkour Escape!_2021-08-12.jpg,34177395,2021-08-12
Longest Car Jump!,thumbnails/BeastReacts_Longest Car Jump!_2021-07-13.jpg,20240794,2021-07-13
Insane BMX Downhill!,thumbnails/BeastReacts_Insane BMX Downhill!_2021-06-13.jpg,64312905,2021-06-13
Unbelievable Mountain Coaster!,thumbnails/BeastReacts_Unbelievable Mountain Coaster!_2021-05-25.jpg,19289172,2021-05-25
Worldâ€™s Longest Skate Jump!,thumbnails/BeastReacts_Worldâ€™s Longest Skate Jump!_2021-05-15.jpg,17670807,2021-05-15
Insane Parkour Escape!,thumbnails/BeastReacts_Insane Parkour Escape!_2021-04-19.jpg,39496736,2021-04-19
Cycling On Ice!,thumbnails/BeastReacts_Cycling On Ice!_2021-04-16.jpg,17280111,2021-04-16
"Jumping from 128,000 Feet!","thumbnails/BeastReacts_Jumping from 128,000 Feet!_2021-04-11.jpg",16339172,2021-04-11
Steel Bar Vs Shredder!,thumbnails/BeastReacts_Steel Bar Vs Shredder!_2021-12-31.jpg,32457163,2021-12-31
Lamborghini Made From Cardboard!,thumbnails/BeastReacts_Lamborghini Made From Cardboard!_2021-12-13.jpg,35934551,2021-12-13
Worldâ€™s Sharpest Knife!,thumbnails/BeastReacts_Worldâ€™s Sharpest Knife!_2021-11-29.jpg,62940590,2021-11-29
Car Vs 1000 Nails!,thumbnails/BeastReacts_Car Vs 1000 Nails!_2021-07-19.jpg,28529564,2021-07-19
1000 Degree Ball vs Ice!,thumbnails/BeastReacts_1000 Degree Ball vs Ice!_2021-05-28.jpg,48358594,2021-05-28
Real Flying Suit!,thumbnails/BeastReacts_Real Flying Suit!_2021-05-17.jpg,16220497,2021-05-17
Forging A Katana From Rusted Chain!,thumbnails/BeastReacts_Forging A Katana From Rusted Chain!_2021-05-03.jpg,43670908,2021-05-03
Hydraulic Press vs 1000 Sheets Of Paper,thumbnails/BeastReacts_Hydraulic Press vs 1000 Sheets Of Paper_2021-04-28.jpg,42047468,2021-04-28
Worldâ€™s Largest Elephant Toothpaste!,thumbnails/BeastReacts_Worldâ€™s Largest Elephant Toothpaste!_2021-04-23.jpg,31443270,2021-04-23
Cycling On Ice!,thumbnails/BeastReacts_Cycling On Ice!_2021-04-16.jpg,17280111,2021-04-16
Bowling Ball vs 600 Feet Drop!,thumbnails/BeastReacts_Bowling Ball vs 600 Feet Drop!_2021-03-24.jpg,20589896,2021-03-24
Water Balloons in Slow Motion!,thumbnails/BeastReacts_Water Balloons in Slow Motion!_2021-03-21.jpg,41492846,2021-03-21
Most Expensive iPhone!,thumbnails/BeastReacts_Most Expensive iPhone!_2022-01-10.jpg,60392269,2022-01-10
Most Expensive Fails!,thumbnails/BeastReacts_Most Expensive Fails!_2021-12-24.jpg,29025658,2021-12-24
Most Expensive Luxury Items!,thumbnails/BeastReacts_Most Expensive Luxury Items!_2021-08-23.jpg,51821894,2021-08-23
Worldâ€™s Most Expensive Car!,thumbnails/BeastReacts_Worldâ€™s Most Expensive Car!_2021-07-09.jpg,58679074,2021-07-09
Worldâ€™s Most Expensive Food!,thumbnails/BeastReacts_Worldâ€™s Most Expensive Food!_2021-06-05.jpg,60650862,2021-06-05
Most Expensive Houses!,thumbnails/BeastReacts_Most Expensive Houses!_2021-05-21.jpg,54324253,2021-05-21
Real Vs Fake Commercials!,thumbnails/BeastReacts_Real Vs Fake Commercials!_2021-12-28.jpg,44480622,2021-12-28
Squid Game Without CGI!,thumbnails/BeastReacts_Squid Game Without CGI!_2021-11-18.jpg,38012400,2021-11-18
Inside an Ice Cream Factory!,thumbnails/BeastReacts_Inside an Ice Cream Factory!_2021-06-28.jpg,52189054,2021-06-28
Extreme Try Not To Laugh Challenge!,thumbnails/BeastReacts_Extreme Try Not To Laugh Challenge!_2021-12-09.jpg,43357518,2021-12-09
Extreme Try Not To Laugh Challenge!,thumbnails/BeastReacts_Extreme Try Not To Laugh Challenge!_2021-10-25.jpg,66558510,2021-10-25
Impossible Try Not To Laugh Challenge!,thumbnails/BeastReacts_Impossible Try Not To Laugh Challenge!_2021-09-09.jpg,32485002,2021-09-09
Extreme Try Not To Laugh Challenge!,thumbnails/BeastReacts_Extreme Try Not To Laugh Challenge!_2021-07-29.jpg,58793372,2021-07-29
TikTok Try Not To Laugh Challenge!,thumbnails/BeastReacts_TikTok Try Not To Laugh Challenge!_2021-06-23.jpg,49414815,2021-06-23
Watching Sumo Live Was Something Else..,thumbnails/PewDiePie_Watching Sumo Live Was Something Else.._2023-01-22.jpg,2010887,2023-01-22
Escaping to Japan's Secret Paradise   *Okinawa*,thumbnails/PewDiePie_Escaping to Japan's Secret Paradise   *Okinawa*_2023-02-25.jpg,3561506,2023-02-25
Being followed by fans.,thumbnails/PewDiePie_Being followed by fans._2023-03-28.jpg,2823656,2023-03-28
I took my car off road ... (Oops),thumbnails/PewDiePie_I took my car off road ... (Oops)_2022-10-15.jpg,2173260,2022-10-15
Our house was attacked...,thumbnails/PewDiePie_Our house was attacked..._2022-09-19.jpg,5293252,2022-09-19
My Dog was invited by The Governor of Japan (Gunma),thumbnails/PewDiePie_My Dog was invited by The Governor of Japan (Gunma)_2022-09-30.jpg,3139521,2022-09-30
Felix is scared of bugs.. (collab with @PewDiePie ),thumbnails/PewDiePie_Felix is scared of bugs.. (collab with @PewDiePie )_2022-09-04.jpg,2104350,2022-09-04
"Japanese Karaoke, but I cant sing..","thumbnails/PewDiePie_Japanese Karaoke, but I cant sing.._2022-08-26.jpg",2064268,2022-08-26
We were warned not to go,thumbnails/PewDiePie_We were warned not to go_2022-08-16.jpg,2118957,2022-08-16
you guys noticed something..,thumbnails/PewDiePie_you guys noticed something.._2022-08-05.jpg,3161192,2022-08-05
A dream of mine came true today,thumbnails/PewDiePie_A dream of mine came true today_2022-07-20.jpg,3657658,2022-07-20
No YouTuber dares to box me after seeing this,thumbnails/PewDiePie_No YouTuber dares to box me after seeing this_2022-07-11.jpg,3121338,2022-07-11
This was hard..,thumbnails/PewDiePie_This was hard.._2022-07-03.jpg,4123286,2022-07-03
We went to Italy...?,thumbnails/PewDiePie_We went to Italy...?_2022-06-24.jpg,3794807,2022-06-24
I accidentally got 2 cars..,thumbnails/PewDiePie_I accidentally got 2 cars.._2022-06-15.jpg,4318249,2022-06-15
New Member to the Family!,thumbnails/PewDiePie_New Member to the Family!_2022-06-08.jpg,6055175,2022-06-08
We Failed,thumbnails/PewDiePie_We Failed_2022-05-31.jpg,6200385,2022-05-31
First time driving in Japan...,thumbnails/PewDiePie_First time driving in Japan..._2022-05-21.jpg,5603691,2022-05-21
It finally happened!,thumbnails/PewDiePie_It finally happened!_2022-05-09.jpg,8427330,2022-05-09
My Workout (10% Muscle increase),thumbnails/PewDiePie_My Workout (10% Muscle increase)_2022-03-18.jpg,3818548,2022-03-18
This was not what I expected..,thumbnails/PewDiePie_This was not what I expected.._2022-03-12.jpg,2077483,2022-03-12
every fitness celebrity influencer is lying to you..,thumbnails/PewDiePie_every fitness celebrity influencer is lying to you.._2021-12-31.jpg,6049319,2021-12-31
They figured out atoms existed thousands of years ago but we are still depressed lmaoðŸ™Œ BOOK REVIEW ðŸ™Œ,thumbnails/PewDiePie_They figured out atoms existed thousands of years ago but we are still depressed lmaoðŸ™Œ BOOK REVIEW ðŸ™Œ_2021-12-10.jpg,2276223,2021-12-10
Guy With Large Mustache,thumbnails/PewDiePie_Guy With Large Mustache_2021-10-01.jpg,1765882,2021-10-01
Trying to Explain Parallel Universes With My Last 2 Remaining IQ,thumbnails/PewDiePie_Trying to Explain Parallel Universes With My Last 2 Remaining IQ_2021-09-07.jpg,2082406,2021-09-07
Some books Ive read..,thumbnails/PewDiePie_Some books Ive read.._2021-08-22.jpg,1616813,2021-08-22
Explaining The Doomsday Argument to my Dog.,thumbnails/PewDiePie_Explaining The Doomsday Argument to my Dog._2021-08-11.jpg,1880616,2021-08-11
Discourses of Epictetus idk,thumbnails/PewDiePie_Discourses of Epictetus idk_2021-02-26.jpg,2684373,2021-02-26
My Workout Review,thumbnails/PewDiePie_My Workout Review_2020-05-28.jpg,10657122,2020-05-28
Tik Toks That Makes You Wish You Never Came Into Existence [TIKTOK#12],thumbnails/PewDiePie_Tik Toks That Makes You Wish You Never Came Into Existence [TIKTOK#12]_2021-07-24.jpg,3865640,2021-07-24
Tik Toks That Makes You Wanna Uninstall  [TIKTOK#11],thumbnails/PewDiePie_Tik Toks That Makes You Wanna Uninstall  [TIKTOK#11]_2021-07-10.jpg,5012892,2021-07-10
Tik Toks That Will Melt your Brain...  [TIKTOK#10],thumbnails/PewDiePie_Tik Toks That Will Melt your Brain...  [TIKTOK#10]_2021-06-30.jpg,3774640,2021-06-30
Tik Toks that makes you want to cancel nature..  [TIKTOK#9],thumbnails/PewDiePie_Tik Toks that makes you want to cancel nature..  [TIKTOK#9]_2021-06-21.jpg,5747456,2021-06-21
Tik Toks That Makes Me Laugh [TIKTOK#8],thumbnails/PewDiePie_Tik Toks That Makes Me Laugh [TIKTOK#8]_2021-06-08.jpg,4190246,2021-06-08
Funniest Tik Tok Of ALL TIME xD [TIKTOK#7],thumbnails/PewDiePie_Funniest Tik Tok Of ALL TIME xD [TIKTOK#7]_2021-05-24.jpg,4902412,2021-05-24
Tik Tok But Please Make it Stop [TIKTOK#6],thumbnails/PewDiePie_Tik Tok But Please Make it Stop [TIKTOK#6]_2021-05-14.jpg,4562140,2021-05-14
How Rare Is Your DNA?  [TIKTOK#5],thumbnails/PewDiePie_How Rare Is Your DNA?  [TIKTOK#5]_2021-05-06.jpg,5452580,2021-05-06
I Found The Greatest Tik Tok  [TIKTOK#3],thumbnails/PewDiePie_I Found The Greatest Tik Tok  [TIKTOK#3]_2021-04-28.jpg,5762407,2021-04-28
"Tik Tok Is Cringe, but some are good  [TIKTOK#2]","thumbnails/PewDiePie_Tik Tok Is Cringe, but some are good  [TIKTOK#2]_2021-04-20.jpg",5320772,2021-04-20
Tik Tok is Cringe [TIKTOK#1],thumbnails/PewDiePie_Tik Tok is Cringe [TIKTOK#1]_2021-04-13.jpg,7788973,2021-04-13
Showing Jack My Tik Toks [TIKTOK#13],thumbnails/PewDiePie_Showing Jack My Tik Toks [TIKTOK#13]_2021-09-09.jpg,7108344,2021-09-09
